
insert into Product_Category (id, name, description) values (1, 'Cocoa Butter', 'Retained glass fragments');
insert into Product_Category (id, name, description) values (2, 'Potatoes - Yukon Gold 5 Oz', 'Mal neo bronch/lung NEC');
insert into Product_Category (id, name, description) values (3, 'Wine - Fino Tio Pepe Gonzalez', 'Family hx-ear disord NEC');
insert into Product_Category (id, name, description) values (4, 'Quail - Whole, Bone - In', 'Volume depletion NOS');
insert into Product_Category (id, name, description) values (5, 'Amarula Cream', 'Capsular cataract');
insert into Product_Category (id, name, description) values (6, 'Eggwhite Frozen', 'Retained wood fragments');
insert into Product_Category (id, name, description) values (7, 'Nantucket - Kiwi Berry Cktl.', 'Opn cortx lac-brief coma');
insert into Product_Category (id, name, description) values (8, 'Monkfish Fresh - Skin Off', 'Benign neo parathyroid');
insert into Product_Category (id, name, description) values (9, 'Coke - Diet, 355 Ml', 'Opn skul vlt fx-coma NOS');
insert into Product_Category (id, name, description) values (10, 'Bread - Frozen Basket Variety', 'Adv eff topic/infil anes');
insert into Supplier (id, name) values (1, 'Sauce - Black Current, Dry Mix');
insert into Supplier (id, name) values (2, 'Tea - Herbal - 6 Asst');
insert into Supplier (id, name) values (3, 'Lettuce - Sea / Sea Asparagus');
insert into Supplier (id, name) values (4, 'Wine - Barbera Alba Doc 2001');
insert into Supplier (id, name) values (5, 'Beef - Ox Tongue, Pickled');
insert into Supplier (id, name) values (6, 'Cheese - Brie, Cups 125g');
insert into Supplier (id, name) values (7, 'Sunflower Seed Raw');
insert into Supplier (id, name) values (8, 'Soap - Hand Soap');
insert into Supplier (id, name) values (9, 'Veal - Loin');
insert into Supplier (id, name) values (10, 'Beef - Short Loin');
insert into Customer (id, firstname, lastname, username, password, emailaddress) values (1, 'Gianina', 'Gaita', 'gianinagaita', 'gianina', 'gianina_gaita.com');
insert into Customer (id, firstname, lastname, username, password, emailaddress) values (2, 'Wilfrid', 'Kampshell', 'irina', 'YTLYzhE', 'wkampshell1@zimbio.com');
insert into Customer (id, firstname, lastname, username, password, emailaddress) values (3, 'Hilly', 'Rowlinson', 'iulia', 'h6QuiANuRCt', 'hrowlinson2@theglobeandmail.com');
insert into Customer (id, firstname, lastname, username, password, emailaddress) values (4, 'Haskel', 'Sterke', 'bogdan', 'SkKJldspNYj', 'hsterke3@stanford.edu');
insert into Customer (id, firstname, lastname, username, password, emailaddress) values (5, 'Esme', 'Gwioneth', 'rozor', '9dwb7jDS5o', 'egwioneth4@cnbc.com');
insert into Customer (id, firstname, lastname, username, password, emailaddress) values (6, 'Artie', 'Maly', 'larisa', 'aigSkJXG2q', 'amaly5@google.com.br');
insert into Customer (id, firstname, lastname, username, password, emailaddress) values (7, 'Granny', 'Rotlauf', 'ramo', 'jmuwfG', 'grotlauf6@geocities.jp');
insert into Customer (id, firstname, lastname, username, password, emailaddress) values (8, 'Fabe', 'Colliber', 'andreea', '58dZR2fnux6c', 'fcolliber7@pinterest.com');
insert into Customer (id, firstname, lastname, username, password, emailaddress) values (9, 'Patsy', 'Starmont', 'pstarmont8', '7uTixFm6', 'pstarmont8@cdc.gov');
insert into Customer (id, firstname, lastname, username, password, emailaddress) values (10, 'Lucius', 'Fulham', 'lfulham9', '9OFM1q', 'lfulham9@skyrock.com');


insert into Product (id, name, description, price, weight, Category_id, Supplier, image_Url) values (1, 'Soup Knorr Chili With Beans', 'Myasthna gravs w ac exac', 80.8, 384, 1, 1, 'http://dummyimage.com/1x10.jpg/dddddd/000000');
insert into Product (id, name, description, price, weight, Category_id, Supplier, image_Url) values (2, 'Dikon', 'TB lung fibros-micro dx', 70.0, 511, 2, 2, 'http://dummyimage.com/1x10.jpg/dddddd/000000');
insert into Product (id, name, description, price, weight, Category_id, Supplier, image_Url) values (3, 'Liners - Banana, Paper', 'Ext asthma w status asth', 69.1, 744, 3, 3, 'http://dummyimage.com/1x10.png/5fa2dd/ffffff');
insert into Product (id, name, description, price, weight, Category_id, Supplier, image_Url) values (4, 'Quinoa', 'Acc d/t dam collapse', 85.4, 641, 4, 4, 'http://dummyimage.com/1x10.jpg/5fa2dd/ffffff');
insert into Product (id, name, description, price, weight, Category_id, Supplier, image_Url) values (5, 'Straw - Regular', 'Uter dystocia NOS-unspec', 66.7, 499, 5, 5, 'http://dummyimage.com/1x10.bmp/cc0000/ffffff');
insert into Product (id, name, description, price, weight, Category_id, Supplier, image_Url) values (6, 'Cheese - Brick With Onion', 'Depr psychos-part remiss', 85.4, 707, 6, 6, 'http://dummyimage.com/1x10.bmp/dddddd/000000');
insert into Product (id, name, description, price, weight, Category_id, Supplier, image_Url) values (7, 'Carbonated Water - Raspberry', 'Lipoid metabol dis NOS', 30.1, 138, 7, 7, 'http://dummyimage.com/1x10.png/dddddd/000000');
insert into Product (id, name, description, price, weight, Category_id, Supplier, image_Url) values (8, 'Pineapple - Canned, Rings', 'Radiation exposure NOS', 66.0, 526, 8, 8, 'http://dummyimage.com/1x10.png/5fa2dd/ffffff');
insert into Product (id, name, description, price, weight, Category_id, Supplier, image_Url) values (9, 'Lid - 3oz Med Rec', 'Ot serum react d/t blood', 3.9, 140, 9, 9, 'http://dummyimage.com/1x10.png/5fa2dd/ffffff');
insert into Product (id, name, description, price, weight, Category_id, Supplier, image_Url) values (10, 'Island Oasis - Banana Daiquiri', 'Fetal conjoin twins-ante', 64.7, 400, 10, 10, 'http://dummyimage.com/1x10.bmp/5fa2dd/ffffff');











