insert into Product (id, name, description, price, weight, Category_id, Supplier, image_Url) values (11, 'Iphone5', 'Retained glass fragments', 80.8, 384, 1, 1, 'http://dummyimage.com/1x10.jpg/dddddd/000000');
insert into Product (id, name, description, price, weight, Category_id, Supplier, image_Url) values (12, 'Samsung Galaxy J7', 'Mal neo bronch/lung NEC', 70.0, 511, 2, 2, 'http://dummyimage.com/1x10.jpg/dddddd/000000');
insert into Product (id, name, description, price, weight, Category_id, Supplier, image_Url) values (13, 'Samsung Galaxy A5', 'Family hx-ear disord NEC', 69.1, 744, 3, 3, 'http://dummyimage.com/1x10.png/5fa2dd/ffffff');
insert into Product (id, name, description, price, weight, Category_id, Supplier, image_Url) values (14, 'HTC U12', 'Volume depletion NOS', 85.4, 641, 4, 4, 'http://dummyimage.com/1x10.jpg/5fa2dd/ffffff');
insert into Product (id, name, description, price, weight, Category_id, Supplier, image_Url) values (15, 'HTC Desire', 'Desire ', 66.7, 499, 5, 5, 'http://dummyimage.com/1x10.bmp/cc0000/ffffff');
insert into Location (id, name, Address_County, Address_City, Address_Country, Address_Street_Address) values (11, 'Location1', 'Cluj','Romania', 'Cluj-Napoca', 'Ion Mester');
insert into Location (id, name, Address_County, Address_City, Address_Country, Address_Street_Address) values (12, 'Location2', 'Cluj','Romania', 'Cluj-Napoca', 'Samuel Brassay');
insert into Location (id, name, Address_County, Address_City, Address_Country, Address_Street_Address) values (13, 'Location3', 'Cluj','Romania', 'Cluj-Napoca', 'Calea Dorobanti 71');
insert into Location (id, name, Address_County, Address_City, Address_Country, Address_Street_Address) values (14, 'Location4', 'Bucuresti','Romania', 'Bucuresti', 'Croitorilor 12-14');
insert into Location (id, name, Address_County, Address_City, Address_Country, Address_Street_Address) values (15, 'Location5','Timisoara', 'Romania', 'Timisoara', 'Somesului 37');
insert into Stock (quantity, product_id, location_id) values (10, 11, 11);
insert into Stock (quantity, product_id, location_id) values (22, 12, 11);
insert into Stock (quantity, product_id, location_id) values (3, 13, 11);
insert into Stock (quantity, product_id, location_id) values (9, 14,11);
insert into Stock (quantity, product_id, location_id) values (7, 12, 12);
insert into Stock (quantity, product_id, location_id) values (8, 11, 12);
insert into Stock (quantity, product_id, location_id) values (22, 13, 12);
insert into Stock (quantity, product_id, location_id) values (17, 14, 12);
insert into Stock (quantity, product_id, location_id) values (9, 11, 13);
insert into Stock (quantity, product_id, location_id) values (4, 12, 13);
insert into Stock (quantity, product_id, location_id) values (19, 13, 13);
insert into Stock (quantity, product_id, location_id) values (5, 14, 13);
insert into Stock (quantity, product_id, location_id) values (7, 14, 14);
insert into Stock (quantity, product_id, location_id) values (3, 15, 15);
